{"createUserId":1339550467939639299,"dataInfos":[{"annotationInfos":[{"annotationTaskId":"560088729674989568","annotationTaskName":"金标准任务"}],"modelTypeName":"眼底相机","typeName":"图片","type":"IMAGE","uploadTime":1684985457000,"dataUploadId":614131832665604096,"modalType":"FUNDUS_CAMERS","dataId":"2.25.322721805652284956591790581970220047016","auditTime":1684988152121,"templateName":"lss032702","descTemplateId":550911250201829376,"id":"YTEYUYgBkL3dobzDAEJi","modalCategory":"SINGLE"},{"annotationInfos":[{"annotationTaskId":"560088729674989568","annotationTaskName":"金标准任务"}],"modelTypeName":"眼底相机","typeName":"图片","type":"IMAGE","uploadTime":1684985457000,"dataUploadId":614131832665604096,"modalType":"FUNDUS_CAMERS","dataId":"2.25.319915549283395262602137263148453629398","auditTime":1684988152121,"templateName":"lss032702","descTemplateId":550911250201829376,"id":"XzEYUYgBkL3dobzDAEJi","modalCategory":"SINGLE"},{"annotationInfos":[{"annotationTaskId":"560088729674989568","annotationTaskName":"金标准任务"}],"modelTypeName":"眼底相机","typeName":"图片","type":"IMAGE","uploadTime":1684985457000,"dataUploadId":614131832665604096,"modalType":"FUNDUS_CAMERS","dataId":"2.25.238446771909033251058630066959868989830","auditTime":1684988152121,"templateName":"lss032702","descTemplateId":550911250201829376,"id":"YjEYUYgBkL3dobzDAEJi","modalCategory":"SINGLE"},{"annotationInfos":[{"annotationTaskId":"560088729674989568","annotationTaskName":"金标准任务"}],"modelTypeName":"眼底相机","typeName":"图片","type":"IMAGE","uploadTime":1684985457000,"dataUploadId":614131832665604096,"modalType":"FUNDUS_CAMERS","dataId":"2.25.8435758992343275142243665191117464590","auditTime":1684988152121,"templateName":"lss032702","descTemplateId":550911250201829376,"id":"YDEYUYgBkL3dobzDAEJi","modalCategory":"SINGLE"}],"dataScopeType":"PRIVATE","datasetStatus":"FINISHED","datasetName":"眼底数据金标准1","createUserName":"管理员","type":"IMAGE","dataCount":4,"organizationId":180500235854811139,"createTime":1684988692110,"enable":true,"id":"bDEnUYgBkL3dobzDBkKR","datasetType":"TRAIN_SET"}